FPR,TPR,Threshold
0.0,0.0,1.957
0.1007178802260965,0.91889199741753,0.9575
0.11209425457320708,0.9321363790082086,0.957
0.11657802475613536,0.9367171887969994,0.9565
0.11946385556536049,0.9396378393334768,0.956
0.12153879176703475,0.9413656347034771,0.9556
0.1233036800305278,0.9428905217204169,0.955
0.1248300698800353,0.9442985827158976,0.9546
0.12626106036394857,0.9451655547698835,0.954
0.12719120417849222,0.9458911058505242,0.9536
0.12795439910324596,0.946549020813478,0.953
0.1284075460898185,0.9471823408245458,0.9526
0.1287652937107968,0.947612752482553,0.952
0.1290991914903766,0.9481046515202755,0.9517
0.12964773784254335,0.9485535093921973,0.951
0.129933935939326,0.9488609462907738,0.9507
0.13033938324310143,0.9491376394994927,0.95
0.13069713086407975,0.9494020352322686,0.9497
0.13100717880226095,0.9496110923233007,0.949
0.1313172267404422,0.9498570418421619,0.9487
0.13150802547163062,0.9499923140775356,0.948
0.13160342483722484,0.9501460325268238,0.9478
0.13184192325121039,0.9502690072862545,0.9473
0.1319850222996017,0.9504411719494573,0.947
0.13217582103079015,0.9505457004949734,0.9463
0.13234276992058003,0.9506748239923756,0.946
0.13253356865176846,0.9507977987518061,0.9453
0.13262896801736268,0.9508961785593507,0.945
0.13274821722435545,0.9509761121529806,0.9443
0.13286746643134822,0.951049897008639,0.944
0.13305826516253666,0.9511298306022689,0.9434
0.1332490638937251,0.9511974667199558,0.943
0.13336831310071787,0.9512774003135857,0.9424
0.13343986262491356,0.9513450364312724,0.942
0.1334637124663121,0.9514495649767886,0.9414
0.13358296167330488,0.9514864574046177,0.941
0.1337260607216962,0.9515294985704185,0.9404
0.13384530992868898,0.9515971346881053,0.94
0.13391685945288465,0.9516770682817352,0.9395
0.13405995850127597,0.9517324069234789,0.939
0.13408380834267453,0.9518061917791373,0.9385
0.13413150802547164,0.9518676791588526,0.938
0.1342030575496673,0.9519414640145111,0.9375
0.13422690739106585,0.9519845051803117,0.937
0.13437000643945718,0.9520398438220555,0.9365
0.13444155596365284,0.9520828849878562,0.936
0.1345131054878485,0.9521566698435147,0.9355
0.13453695532924706,0.9521812647954008,0.935
0.13460850485344272,0.9522181572232299,0.9346
0.1346800543776384,0.9522919420788883,0.934
0.13470390421903694,0.9523103882928029,0.9336
0.13470390421903694,0.9523595781965751,0.933
0.1347754537432326,0.9524026193623759,0.9326
0.13484700326742827,0.952427214314262,0.932
0.13494240263302248,0.9524641067420911,0.9316
0.13496625247442104,0.9524948504319488,0.931
0.1350378019986167,0.952531742859778,0.9307
0.13506165184001526,0.9525501890736926,0.93
0.13510935152281237,0.9525870815015218,0.9297
0.13515705120560947,0.9526178251913795,0.929
0.13518090104700803,0.9526731638331233,0.9287
0.13520475088840658,0.9526916100470378,0.928
0.13522860072980514,0.9527223537368955,0.9277
0.1353001502540008,0.9527407999508101,0.9272
0.1353478499367979,0.9527838411166109,0.927
0.13537169977819646,0.95282073354444,0.9263
0.13539554961959502,0.9528268822824115,0.926
0.13541939946099357,0.9528576259722692,0.9253
0.13544324930239213,0.9528760721861838,0.925
0.13544324930239213,0.9529437083038707,0.9243
0.13549094898518924,0.9529990469456144,0.924
0.13553864866798634,0.9529990469456144,0.9233
0.1355624985093849,0.9530297906354721,0.923
0.1355624985093849,0.9530482368493867,0.9224
0.13558634835078348,0.9530605343253298,0.922
0.13558634835078348,0.9530851292772159,0.9214
0.13565789787497914,0.9530974267531589,0.921
0.1356817477163777,0.9531343191809881,0.9204
0.13570559755777625,0.9531404679189597,0.92
0.13580099692337047,0.9531589141328742,0.9194
0.13584869660616758,0.9531958065607035,0.919
0.13584869660616758,0.953214252774618,0.9185
0.13592024613036324,0.9532388477265041,0.918
0.13596794581316035,0.9532449964644757,0.9175
0.13601564549595746,0.9532572939404187,0.917
0.13606334517875457,0.9532634426783902,0.9165
0.13606334517875457,0.9532757401543334,0.916
0.13611104486155168,0.9532818888923048,0.9155
0.13613489470295023,0.9532941863682479,0.915
0.1361587445443488,0.953318781320134,0.9146
0.13618259438574734,0.9533249300581056,0.914
0.13618259438574734,0.9533495250099917,0.9136
0.1362064442271459,0.9533495250099917,0.9126
0.136254143909943,0.9533679712239063,0.912
0.136254143909943,0.9533741199618778,0.9116
0.1363018435927401,0.9533802686998494,0.911
0.13632569343413867,0.9533864174378209,0.9106
0.13639724295833433,0.9533987149137639,0.91
0.13642109279973288,0.9534294586036216,0.9097
0.13644494264113144,0.9534479048175362,0.909
0.13654034200672566,0.9534724997694223,0.9087
0.13654034200672566,0.953490945983337,0.908
0.13661189153092132,0.9535093921972515,0.9077
0.13663574137231987,0.9535339871491376,0.907
0.13663574137231987,0.9535462846250807,0.9067
0.13665959121371843,0.9535647308389953,0.9062
0.13670729089651554,0.9535647308389953,0.906
0.13675499057931265,0.9535770283149384,0.905
0.13675499057931265,0.9535831770529098,0.9043
0.1368265401035083,0.9535893257908814,0.904
0.1368265401035083,0.953595474528853,0.9033
0.1368265401035083,0.9536200694807391,0.9023
0.1368265401035083,0.9536446644326252,0.902
0.13685038994490686,0.9536508131705967,0.9014
0.13687423978630542,0.9536815568604544,0.901
0.13692193946910253,0.953687705598426,0.9004
0.13692193946910253,0.953700003074369,0.8994
0.13696963915189964,0.9537123005503121,0.899
0.1369934889932982,0.9537245980262551,0.8984
0.13701733883469674,0.9537245980262551,0.898
0.13701733883469674,0.9537368955021982,0.8975
0.13701733883469674,0.9537614904540843,0.897
0.13701733883469674,0.9537676391920559,0.8965
0.1370411886760953,0.9537737879300273,0.895
0.1370411886760953,0.953792234143942,0.894
0.1370411886760953,0.9537983828819135,0.8936
0.1370411886760953,0.9538106803578565,0.893
0.1370411886760953,0.9538168290958281,0.892
0.1370411886760953,0.9538291265717711,0.8916
0.1370411886760953,0.9538414240477142,0.8906
0.13706503851749385,0.9538537215236572,0.89
0.1370888883588924,0.9538721677375719,0.8896
0.1370888883588924,0.9538906139514864,0.889
0.1370888883588924,0.953909060165401,0.8877
0.13711273820029096,0.9539152089033726,0.887
0.13711273820029096,0.9539275063793157,0.886
0.13713658804168952,0.9539336551172872,0.8857
0.13713658804168952,0.9539398038552587,0.8853
0.13716043788308807,0.9539398038552587,0.885
0.13716043788308807,0.9539459525932302,0.8843
0.13720813756588518,0.9539582500691733,0.8833
0.13720813756588518,0.9539705475451163,0.883
0.13723198740728373,0.9539766962830879,0.882
0.13723198740728373,0.9539828450210595,0.8813
0.13723198740728373,0.9539951424970025,0.8794
0.13727968709008084,0.954001291234974,0.879
0.1373035369314794,0.9540135887109171,0.8784
0.1373035369314794,0.9540320349248317,0.8774
0.1373035369314794,0.9540381836628032,0.877
0.1373512366142765,0.9540443324007747,0.8765
0.1373512366142765,0.9540504811387462,0.8755
0.13737508645567506,0.9540566298767178,0.875
0.13737508645567506,0.9540750760906324,0.8745
0.13739893629707361,0.9540812248286039,0.874
0.13744663597987072,0.9540996710425185,0.8735
0.13744663597987072,0.9541119685184616,0.8726
0.13749433566266783,0.9541181172564331,0.872
0.13749433566266783,0.9541242659944047,0.871
0.13749433566266783,0.9541427122083193,0.87
0.13749433566266783,0.9541550096842623,0.869
0.13758973502826205,0.9541550096842623,0.868
0.13758973502826205,0.9541611584222338,0.8677
0.1376135848696606,0.9541734558981769,0.867
0.1376135848696606,0.954198050850063,0.8657
0.1376135848696606,0.9542041995880346,0.865
0.13763743471105916,0.9542164970639776,0.8643
0.13763743471105916,0.9542287945399207,0.864
0.13763743471105916,0.9542410920158637,0.863
0.1376612845524577,0.9542472407538353,0.8623
0.13768513439385627,0.9542472407538353,0.861
0.13770898423525482,0.9542533894918068,0.8604
0.13770898423525482,0.9542595382297784,0.8594
0.13770898423525482,0.9542841331816645,0.859
0.13773283407665338,0.9542841331816645,0.8584
0.13773283407665338,0.9542902819196359,0.858
0.13775668391805196,0.9542964306576075,0.8574
0.13775668391805196,0.954302579395579,0.857
0.13775668391805196,0.9543210256094936,0.8564
0.13775668391805196,0.9543271743474652,0.856
0.13775668391805196,0.9543394718234083,0.855
0.13775668391805196,0.9543517692993513,0.853
0.13775668391805196,0.954370215513266,0.8525
0.13775668391805196,0.9543763642512374,0.8516
0.1377805337594505,0.9543763642512374,0.851
0.1377805337594505,0.9543948104651521,0.8506
0.1377805337594505,0.9544071079410951,0.8486
0.13780438360084907,0.9544194054170382,0.8477
0.13780438360084907,0.9544255541550097,0.847
0.13782823344224762,0.9544255541550097,0.8457
0.13785208328364618,0.9544317028929812,0.845
0.13792363280784184,0.9544440003689243,0.844
0.13792363280784184,0.9544501491068959,0.843
0.1379474826492404,0.9544562978448673,0.8423
0.13797133249063895,0.9544562978448673,0.8413
0.13797133249063895,0.9544624465828389,0.841
0.13797133249063895,0.954474744058782,0.8403
0.1379951823320375,0.9544808927967535,0.84
0.1380428820148346,0.954487041534725,0.8394
0.1380428820148346,0.9544993390106681,0.8384
0.1380428820148346,0.9545116364866111,0.837
0.13806673185623317,0.9545116364866111,0.8364
0.13806673185623317,0.9545239339625542,0.836
0.13806673185623317,0.9545423801764688,0.8354
0.13806673185623317,0.9545485289144403,0.835
0.13809058169763172,0.9545669751283549,0.8345
0.13809058169763172,0.9545731238663264,0.834
0.13813828138042883,0.954579272604298,0.831
0.13813828138042883,0.9545854213422695,0.8306
0.13813828138042883,0.9545977188182125,0.83
0.13816213122182738,0.9546038675561841,0.8296
0.13816213122182738,0.9546100162941556,0.829
0.13818598106322594,0.9546161650321272,0.8286
0.13818598106322594,0.9546284625080702,0.8276
0.13823368074602305,0.9546284625080702,0.8267
0.13823368074602305,0.9546407599840133,0.826
0.1382575305874216,0.9546469087219848,0.8257
0.13828138042882016,0.9546469087219848,0.825
0.13828138042882016,0.9546530574599563,0.824
0.1383052302702187,0.9546653549358994,0.823
0.13832908011161726,0.954671503673871,0.8228
0.13832908011161726,0.9547145448396717,0.8164
0.13835292995301582,0.9547206935776432,0.815
0.13835292995301582,0.9547329910535862,0.8145
0.13837677979441437,0.9547391397915578,0.814
0.13837677979441437,0.9547575860054723,0.8135
0.13840062963581293,0.954776032219387,0.813
0.13842447947721148,0.9547821809573585,0.8125
0.13842447947721148,0.95478832969533,0.812
0.13844832931861004,0.95478832969533,0.811
0.13844832931861004,0.9548006271712731,0.8096
0.1384721791600086,0.9548067759092447,0.8086
0.1384721791600086,0.9548129246472161,0.8076
0.1384721791600086,0.9548252221231592,0.807
0.1384721791600086,0.9548313708611308,0.806
0.13849602900140714,0.9548313708611308,0.8047
0.13849602900140714,0.9548436683370738,0.8027
0.1385198788428057,0.9548498170750453,0.8022
0.1385198788428057,0.9548621145509885,0.8013
0.1385198788428057,0.9548682632889599,0.801
0.1385675785256028,0.954880560764903,0.8
0.1385675785256028,0.9548867095028746,0.7993
0.13861527820839992,0.9548867095028746,0.7983
0.13861527820839992,0.9548990069788176,0.7964
0.13861527820839992,0.9549051557167891,0.794
0.13863912804979847,0.9549113044547607,0.793
0.13866297789119703,0.9549113044547607,0.7905
0.13866297789119703,0.9549236019307037,0.789
0.13868682773259558,0.9549236019307037,0.7886
0.13868682773259558,0.9549297506686752,0.787
0.13868682773259558,0.9549420481446184,0.7866
0.13868682773259558,0.9549604943585329,0.7837
0.13871067757399413,0.9549666430965045,0.783
0.1387345274153927,0.9549666430965045,0.7827
0.1387345274153927,0.9549727918344759,0.7812
0.1387345274153927,0.954985089310419,0.781
0.13875837725679124,0.9549912380483906,0.7803
0.13880607693958835,0.9549973867863621,0.7793
0.13880607693958835,0.9550035355243336,0.7783
0.13880607693958835,0.9550281304762197,0.7754
0.13880607693958835,0.9550650229040489,0.767
0.1388299267809869,0.9550650229040489,0.7666
0.1388299267809869,0.9550711716420205,0.766
0.13885377662238546,0.955077320379992,0.764
0.13885377662238546,0.955089617855935,0.7617
0.13890147630518257,0.9550957665939066,0.7603
0.13892532614658112,0.9551019153318782,0.76
0.13892532614658112,0.9551142128078212,0.7593
0.13892532614658112,0.9551203615457927,0.7583
0.13894917598797968,0.9551265102837643,0.7573
0.13894917598797968,0.9551388077597073,0.7563
0.13897302582937823,0.9551449564976788,0.755
0.13902072551217534,0.9551449564976788,0.7515
0.1390445753535739,0.9551511052356504,0.75
0.1390445753535739,0.955157253973622,0.7495
0.1390445753535739,0.955169551449565,0.749
0.1390445753535739,0.9551757001875365,0.748
0.13906842519497245,0.9551818489255081,0.7476
0.139092275036371,0.9551818489255081,0.747
0.139092275036371,0.9551879976634796,0.7466
0.13911612487776956,0.9551941464014511,0.744
0.1391399747191681,0.9551941464014511,0.7437
0.1391399747191681,0.9552002951394226,0.743
0.13916382456056667,0.9552002951394226,0.7427
0.13916382456056667,0.9552248900913087,0.7393
0.13918767440196522,0.9552248900913087,0.738
0.13918767440196522,0.9552433363052234,0.7363
0.13921152424336378,0.9552433363052234,0.736
0.13921152424336378,0.9552679312571095,0.7324
0.13923537408476233,0.955274079995081,0.7295
0.13923537408476233,0.9552925262089956,0.727
0.13925922392616089,0.9552925262089956,0.726
0.13925922392616089,0.9552986749469672,0.725
0.13928307376755944,0.9552986749469672,0.7246
0.13933077345035655,0.9553109724229102,0.7227
0.1393546232917551,0.9553109724229102,0.721
0.1393546232917551,0.9553232698988533,0.7197
0.13937847313315366,0.9553232698988533,0.7188
0.13942617281595077,0.9553355673747963,0.714
0.13942617281595077,0.9553417161127679,0.7104
0.13942617281595077,0.955354013588711,0.71
0.13942617281595077,0.9553601623266824,0.7085
0.13942617281595077,0.9553847572785685,0.7065
0.13942617281595077,0.9554032034924832,0.705
0.13945002265734932,0.9554032034924832,0.7036
0.13945002265734932,0.9554093522304546,0.7017
0.13945002265734932,0.9554277984443693,0.701
0.13947387249874788,0.9554277984443693,0.7007
0.13947387249874788,0.9554400959203123,0.6997
0.13947387249874788,0.9554523933962554,0.697
0.13947387249874788,0.9554646908721984,0.692
0.13947387249874788,0.9554769883481415,0.691
0.13954542202294354,0.9554769883481415,0.686
0.13959312170574065,0.9554892858240847,0.6836
0.13959312170574065,0.9554954345620561,0.683
0.1396169715471392,0.9554954345620561,0.682
0.1396169715471392,0.9555138807759708,0.6797
0.1396646712299363,0.9555138807759708,0.6787
0.1396646712299363,0.9555384757278569,0.6733
0.13968852107133486,0.9555384757278569,0.673
0.13968852107133486,0.9555507732037999,0.671
0.13973622075413197,0.9555507732037999,0.6685
0.13973622075413197,0.9555569219417714,0.6675
0.13978392043692908,0.9555569219417714,0.667
0.13980777027832764,0.9555569219417714,0.665
0.13980777027832764,0.955563070679743,0.6636
0.13990316964392185,0.955563070679743,0.6606
0.13990316964392185,0.955575368155686,0.659
0.13992701948532044,0.955575368155686,0.6587
0.13992701948532044,0.9555999631075722,0.655
0.139950869326719,0.9555999631075722,0.654
0.139950869326719,0.9556061118455437,0.652
0.13997471916811755,0.9556061118455437,0.6514
0.13997471916811755,0.9556122605835152,0.651
0.1399985690095161,0.9556122605835152,0.6504
0.1399985690095161,0.9556184093214868,0.6494
0.14002241885091465,0.9556184093214868,0.647
0.14007011853371176,0.9556184093214868,0.6465
0.14007011853371176,0.9556245580594583,0.644
0.14009396837511032,0.9556245580594583,0.6436
0.14009396837511032,0.9556553017493159,0.6387
0.14011781821650887,0.9556553017493159,0.637
0.14011781821650887,0.9556614504872875,0.635
0.14014166805790743,0.955667599225259,0.6333
0.14018936774070453,0.955667599225259,0.6323
0.14018936774070453,0.9556737479632306,0.632
0.1402132175821031,0.9556737479632306,0.63
0.1402132175821031,0.9556798967012021,0.6294
0.14023706742350164,0.9556798967012021,0.629
0.14023706742350164,0.9556860454391736,0.6245
0.1402609172649002,0.9556860454391736,0.624
0.1402609172649002,0.9557475328188889,0.6133
0.14028476710629875,0.9557536815568605,0.6123
0.14028476710629875,0.955759830294832,0.6104
0.1403086169476973,0.9557659790328035,0.609
0.1403086169476973,0.9557782765087466,0.6084
0.1403086169476973,0.9557844252467181,0.608
0.14033246678909586,0.9557844252467181,0.6064
0.14033246678909586,0.9558213176745473,0.5967
0.14035631663049442,0.9558213176745473,0.596
0.14035631663049442,0.9558397638884619,0.5903
0.14038016647189297,0.9558520613644049,0.589
0.14038016647189297,0.955876656316291,0.5845
0.14045171599608863,0.955876656316291,0.581
0.14045171599608863,0.9558828050542626,0.58
0.14045171599608863,0.9558951025302057,0.577
0.1404755658374872,0.9558951025302057,0.576
0.1404755658374872,0.9559074000061487,0.572
0.14054711536168285,0.9559074000061487,0.57
0.14054711536168285,0.9559196974820918,0.5684
0.14059481504447996,0.9559196974820918,0.5664
0.14059481504447996,0.9559442924339779,0.561
0.1406186648858785,0.9559442924339779,0.56
0.1406186648858785,0.9559627386478925,0.555
0.14064251472727707,0.9559627386478925,0.5537
0.14064251472727707,0.9559750361238356,0.5513
0.14066636456867562,0.9559750361238356,0.551
0.14066636456867562,0.9559811848618072,0.55
0.14069021441007418,0.9559811848618072,0.549
0.14069021441007418,0.9559934823377502,0.545
0.14069021441007418,0.9559996310757217,0.5435
0.14071406425147273,0.9560057798136933,0.5425
0.14071406425147273,0.9560180772896363,0.5415
0.14073791409287129,0.9560180772896363,0.536
0.14076176393426984,0.9560303747655794,0.5347
0.1407856137756684,0.9560303747655794,0.533
0.1407856137756684,0.9560426722415224,0.5327
0.1407856137756684,0.956048820979494,0.532
0.14080946361706695,0.9560549697174655,0.5317
0.1408333134584655,0.9560549697174655,0.5303
0.1408333134584655,0.9560672671934085,0.5273
0.1408333134584655,0.9560795646693516,0.527
0.1408810131412626,0.9560795646693516,0.5244
0.1408810131412626,0.9560857134073232,0.523
0.14090486298266117,0.9560857134073232,0.522
0.14090486298266117,0.9561041596212377,0.5195
0.14092871282405972,0.9561103083592093,0.519
0.14095256266545828,0.9561103083592093,0.5186
0.14095256266545828,0.9561226058351523,0.5176
0.14095256266545828,0.9561287545731239,0.5156
0.14100026234825538,0.9561287545731239,0.5146
0.14100026234825538,0.9561349033110954,0.509
0.1410479620310525,0.9561349033110954,0.5044
0.1410479620310525,0.956141052049067,0.502
0.1410956617138496,0.95615334952501,0.501
0.1410956617138496,0.9561594982629815,0.4995
0.14111951155524816,0.9561594982629815,0.4963
0.14111951155524816,0.9561656470009531,0.4954
0.1411433613966467,0.9561656470009531,0.4949
0.1411433613966467,0.9562025394287822,0.481
0.1411433613966467,0.9562148369047253,0.476
0.1411433613966467,0.9562271343806684,0.4744
0.14116721123804526,0.9562271343806684,0.4736
0.14116721123804526,0.9562886217603837,0.467
0.14126261060363948,0.9562886217603837,0.4624
0.14126261060363948,0.9563009192363268,0.4558
0.1414057096520308,0.9563009192363268,0.4438
0.1414057096520308,0.9563132167122698,0.4426
0.14142955949342936,0.9563132167122698,0.4424
0.14142955949342936,0.9563193654502413,0.4412
0.14145340933482792,0.9563193654502413,0.4407
0.14145340933482792,0.9563316629261844,0.438
0.14147725917622647,0.9563316629261844,0.4373
0.14152495885902358,0.9563316629261844,0.4363
0.14152495885902358,0.9563439604021274,0.4338
0.14154880870042214,0.956350109140099,0.432
0.14154880870042214,0.9563624066160421,0.431
0.14154880870042214,0.9563685553540135,0.4282
0.1415726585418207,0.9563747040919851,0.4277
0.1415726585418207,0.9563870015679282,0.4238
0.14159650838321924,0.9563931503058997,0.423
0.14164420806601635,0.9563931503058997,0.4214
0.14164420806601635,0.9564177452577859,0.4165
0.1416680579074149,0.9564238939957573,0.415
0.14169190774881346,0.9564238939957573,0.4143
0.14169190774881346,0.956442340209672,0.4126
0.14171575759021202,0.956442340209672,0.4104
0.14171575759021202,0.9564484889476434,0.409
0.14176345727300912,0.9564484889476434,0.4082
0.14178730711440768,0.956454637685615,0.4053
0.14178730711440768,0.9564669351615581,0.404
0.1418350067972048,0.9564669351615581,0.4004
0.1418350067972048,0.9564730838995297,0.4001
0.14185885663860334,0.9564730838995297,0.4
0.14185885663860334,0.9564792326375011,0.3994
0.14185885663860334,0.9565038275893872,0.3982
0.141930406162799,0.9565038275893872,0.3972
0.141930406162799,0.9565345712792449,0.3926
0.14195425600419756,0.9565345712792449,0.391
0.14195425600419756,0.956546868755188,0.39
0.14197810584559611,0.956546868755188,0.388
0.14197810584559611,0.956559166231131,0.3875
0.14197810584559611,0.9565714637070741,0.3872
0.14197810584559611,0.9565776124450457,0.3867
0.14200195568699467,0.9565776124450457,0.386
0.14200195568699467,0.9565899099209887,0.3843
0.14202580552839322,0.9565899099209887,0.3833
0.14202580552839322,0.9565960586589602,0.3816
0.14204965536979178,0.9565960586589602,0.3804
0.14204965536979178,0.9566083561349034,0.3784
0.14209735505258891,0.9566083561349034,0.3735
0.14209735505258891,0.9566206536108464,0.3718
0.14212120489398747,0.9566206536108464,0.3706
0.14212120489398747,0.9566390998247609,0.3674
0.14216890457678458,0.9566390998247609,0.3599
0.14216890457678458,0.9566452485627325,0.3582
0.14219275441818313,0.9566452485627325,0.3555
0.14219275441818313,0.956651397300704,0.3552
0.14221660425958169,0.956651397300704,0.3547
0.14221660425958169,0.9566575460386756,0.353
0.1423120036251759,0.9566575460386756,0.3494
0.1423120036251759,0.9566698435146186,0.3489
0.1423120036251759,0.9566821409905617,0.3467
0.14233585346657446,0.9566821409905617,0.3438
0.14233585346657446,0.9566944384665047,0.343
0.14233585346657446,0.9567067359424478,0.3425
0.14233585346657446,0.9567190334183909,0.34
0.14238355314937157,0.9567251821563624,0.3396
0.14238355314937157,0.9567313308943339,0.339
0.14240740299077012,0.9567313308943339,0.3384
0.14240740299077012,0.9567374796323055,0.3376
0.14243125283216868,0.9567374796323055,0.3354
0.14243125283216868,0.95675592584622,0.3315
0.14245510267356723,0.95675592584622,0.3298
0.14245510267356723,0.9567805207981062,0.325
0.14250280235636434,0.9567805207981062,0.3237
0.14250280235636434,0.9567989670120208,0.3198
0.1425266521977629,0.9567989670120208,0.3196
0.1425266521977629,0.9568235619639069,0.3142
0.14259820172195856,0.9568235619639069,0.3108
0.1426220515633571,0.9568297107018784,0.3093
0.1426220515633571,0.95683585943985,0.3088
0.14264590140475567,0.95683585943985,0.3079
0.14264590140475567,0.9568604543917361,0.3042
0.14266975124615422,0.9568604543917361,0.3037
0.14266975124615422,0.9568911980815937,0.2993
0.14269360108755277,0.9568911980815937,0.2988
0.14269360108755277,0.9569034955575368,0.298
0.14269360108755277,0.9569219417714514,0.2961
0.14269360108755277,0.9569465367233375,0.2905
0.14269360108755277,0.9569588341992806,0.2903
0.14269360108755277,0.9569649829372522,0.2886
0.14274130077034988,0.9569649829372522,0.2869
0.14274130077034988,0.9569772804131952,0.286
0.14276515061174844,0.9569834291511667,0.2854
0.14281285029454555,0.9569834291511667,0.2842
0.14281285029454555,0.9570203215789959,0.2769
0.1428367001359441,0.9570203215789959,0.275
0.1428367001359441,0.957032619054939,0.2744
0.1428367001359441,0.9570449165308821,0.2742
0.1428367001359441,0.9570572140068251,0.2725
0.1428367001359441,0.9570695114827682,0.2722
0.1428843998187412,0.9570695114827682,0.271
0.1428843998187412,0.9570756602207396,0.2708
0.1428843998187412,0.9570879576966828,0.2703
0.14290824966013976,0.9570879576966828,0.2698
0.14290824966013976,0.9571064039105973,0.2688
0.14293209950153832,0.9571064039105973,0.2673
0.14295594934293687,0.9571125526485689,0.267
0.14295594934293687,0.957124850124512,0.2646
0.14300364902573398,0.957124850124512,0.263
0.14300364902573398,0.9571309988624834,0.2627
0.14302749886713254,0.9571309988624834,0.2622
0.14307519854992964,0.9571309988624834,0.261
0.14307519854992964,0.957137147600455,0.2607
0.14307519854992964,0.9571555938143697,0.2603
0.1430990483913282,0.9571555938143697,0.2595
0.1430990483913282,0.9571924862421988,0.2524
0.1430990483913282,0.9572047837181419,0.252
0.14312289823272675,0.9572047837181419,0.2515
0.14312289823272675,0.9572109324561133,0.251
0.14312289823272675,0.9572232299320564,0.2498
0.1431467480741253,0.9572232299320564,0.247
0.1431467480741253,0.957229378670028,0.2462
0.14317059791552386,0.957229378670028,0.246
0.14317059791552386,0.957241676145971,0.2458
0.14319444775692242,0.9572539736219141,0.2456
0.14319444775692242,0.9572662710978571,0.2451
0.14321829759832097,0.9572662710978571,0.2429
0.14321829759832097,0.9572724198358287,0.2424
0.14324214743971952,0.9572785685738002,0.2418
0.14324214743971952,0.9572847173117718,0.2417
0.14326599728111808,0.9572847173117718,0.2415
0.14326599728111808,0.9572908660497433,0.2411
0.14328984712251663,0.9572970147877148,0.241
0.14328984712251663,0.9573031635256863,0.2407
0.1433136969639152,0.9573093122636579,0.2394
0.1433136969639152,0.9573154610016295,0.239
0.1433613966467123,0.9573154610016295,0.2382
0.1433613966467123,0.957333907215544,0.2347
0.14338524648811085,0.957333907215544,0.234
0.14338524648811085,0.9573462046914871,0.2334
0.1434090963295094,0.9573523534294586,0.2328
0.1434090963295094,0.9573830971193162,0.2264
0.14343294617090796,0.9573830971193162,0.2252
0.14343294617090796,0.9573953945952594,0.2246
0.14345679601230651,0.9574015433332309,0.2244
0.14348064585370507,0.9574015433332309,0.2239
0.14348064585370507,0.9574076920712024,0.2238
0.14350449569510362,0.9574076920712024,0.2235
0.14350449569510362,0.9574138408091739,0.2233
0.14352834553650218,0.9574199895471455,0.222
0.14355219537790073,0.9574199895471455,0.2217
0.14355219537790073,0.9574507332370031,0.2185
0.1435760452192993,0.9574507332370031,0.218
0.1435760452192993,0.9574568819749746,0.2166
0.14359989506069784,0.9574568819749746,0.2163
0.1436237449020964,0.9574630307129461,0.2161
0.1436237449020964,0.9574814769268608,0.2152
0.1436237449020964,0.9574937744028038,0.2142
0.14364759474349495,0.9574937744028038,0.213
0.14369529442629206,0.9574937744028038,0.2129
0.14374299410908917,0.9574937744028038,0.212
0.14374299410908917,0.9574999231407754,0.2109
0.14386224331608194,0.9574999231407754,0.2085
0.14386224331608194,0.9575183693546899,0.2063
0.14386224331608194,0.957530666830633,0.2056
0.14386224331608194,0.957542964306576,0.2039
0.1438860931574805,0.9575491130445476,0.2024
0.1438860931574805,0.9575552617825192,0.2021
0.1438860931574805,0.9575675592584622,0.202
0.1438860931574805,0.9575798567344053,0.2015
0.1438860931574805,0.9575921542103484,0.2007
0.1438860931574805,0.9576167491622345,0.1993
0.1439337928402776,0.9576167491622345,0.199
0.1439337928402776,0.957635195376149,0.1982
0.1439337928402776,0.957647492852092,0.1973
0.1439337928402776,0.9576536415900636,0.1956
0.14395764268167616,0.9576536415900636,0.1954
0.14395764268167616,0.9576597903280352,0.1936
0.14400534236447327,0.9576659390660067,0.1929
0.14402919220587182,0.9576720878039783,0.1923
0.14402919220587182,0.9576905340178928,0.1913
0.14405304204727037,0.9576905340178928,0.1906
0.14405304204727037,0.957715128969779,0.19
0.14405304204727037,0.9577212777077505,0.1898
0.14405304204727037,0.9577335751836935,0.1893
0.14407689188866893,0.9577458726596366,0.1887
0.14410074173006748,0.9577458726596366,0.1885
0.14410074173006748,0.9577643188735512,0.1871
0.14412459157146604,0.9577643188735512,0.1869
0.14412459157146604,0.9577766163494943,0.1865
0.14412459157146604,0.9577827650874658,0.186
0.1441484414128646,0.9577827650874658,0.1855
0.1441484414128646,0.9578012113013804,0.1835
0.14417229125426315,0.9578012113013804,0.1829
0.1441961410956617,0.957807360039352,0.1827
0.14421999093706026,0.957807360039352,0.1826
0.14421999093706026,0.957819657515295,0.182
0.1442438407784588,0.957819657515295,0.1815
0.1442676906198574,0.9578258062532665,0.18
0.1442676906198574,0.9578381037292096,0.179
0.14429154046125595,0.9578381037292096,0.1781
0.14429154046125595,0.9578626986810957,0.177
0.14429154046125595,0.9578811448950103,0.1758
0.14429154046125595,0.9578872936329819,0.1757
0.14429154046125595,0.9578995911089249,0.1755
0.14429154046125595,0.9579057398468964,0.1754
0.1443153903026545,0.9579057398468964,0.1746
0.1443153903026545,0.9579549297506686,0.1708
0.14433924014405305,0.9579610784886402,0.1707
0.14433924014405305,0.9579795247025548,0.1699
0.1443630899854516,0.9579795247025548,0.1697
0.14438693982685016,0.9579918221784979,0.1685
0.14438693982685016,0.9580041196544409,0.1678
0.14443463950964727,0.9580041196544409,0.1674
0.14445848935104583,0.9580041196544409,0.1671
0.14445848935104583,0.9580287146063271,0.1661
0.14448233919244438,0.9580287146063271,0.1659
0.14448233919244438,0.9580348633442985,0.1658
0.14450618903384294,0.9580348633442985,0.1653
0.14450618903384294,0.9580594582961847,0.1641
0.1445300388752415,0.9580656070341562,0.1636
0.1445300388752415,0.9580902019860423,0.1619
0.1445777385580386,0.9580902019860423,0.1616
0.14460158839943715,0.9580963507240139,0.1611
0.1446254382408357,0.9580963507240139,0.1609
0.1446254382408357,0.958108648199957,0.1608
0.14464928808223426,0.958108648199957,0.16
0.14464928808223426,0.9581209456759,0.1598
0.14467313792363282,0.9581209456759,0.1594
0.14467313792363282,0.9581332431518431,0.1592
0.14469698776503137,0.9581332431518431,0.159
0.14469698776503137,0.9581393918898146,0.1588
0.14474468744782848,0.9581393918898146,0.1573
0.14474468744782848,0.9581578381037292,0.1562
0.14476853728922703,0.9581639868417008,0.1561
0.14476853728922703,0.9581824330556153,0.1559
0.14476853728922703,0.9581885817935869,0.1555
0.14481623697202414,0.9581947305315583,0.1554
0.14481623697202414,0.9582070280075015,0.155
0.14481623697202414,0.9582193254834446,0.1548
0.14481623697202414,0.9582316229593876,0.1547
0.1448400868134227,0.9582316229593876,0.1544
0.1448400868134227,0.9582377716973591,0.154
0.14486393665482125,0.9582377716973591,0.1536
0.14486393665482125,0.9582439204353307,0.1532
0.1448877864962198,0.9582439204353307,0.1531
0.14491163633761836,0.9582500691733021,0.1526
0.14491163633761836,0.9582623666492452,0.1523
0.14493548617901691,0.9582623666492452,0.1521
0.14493548617901691,0.9582746641251884,0.1519
0.14493548617901691,0.9582992590770745,0.1495
0.14493548617901691,0.9583238540289606,0.1486
0.14493548617901691,0.958330002766932,0.1477
0.14500703570321258,0.958330002766932,0.147
0.14503088554461113,0.9583361515049036,0.1465
0.14503088554461113,0.9583423002428751,0.1461
0.1450547353860097,0.9583484489808467,0.1458
0.14507858522740824,0.9583484489808467,0.1456
0.14507858522740824,0.9583607464567897,0.1454
0.1451024350688068,0.9583668951947613,0.145
0.1451501347516039,0.9583668951947613,0.1445
0.1451501347516039,0.9583730439327328,0.1443
0.145197834434401,0.9583730439327328,0.1439
0.145197834434401,0.9583853414086758,0.1437
0.14522168427579957,0.9583914901466474,0.1436
0.14522168427579957,0.9584160850985335,0.1416
0.14524553411719812,0.9584160850985335,0.141
0.14524553411719812,0.9584345313124482,0.1401
0.14526938395859668,0.9584345313124482,0.1389
0.14526938395859668,0.9584406800504196,0.1382
0.14529323379999523,0.9584468287883912,0.138
0.14529323379999523,0.9584591262643343,0.1377
0.14531708364139378,0.9584652750023058,0.1376
0.14531708364139378,0.9584714237402773,0.1373
0.14534093348279234,0.9584714237402773,0.137
0.14534093348279234,0.9584837212162204,0.1364
0.14538863316558945,0.9584960186921634,0.1357
0.14538863316558945,0.9585144649060781,0.1356
0.14543633284838656,0.9585144649060781,0.135
0.14543633284838656,0.9585206136440496,0.1345
0.1454601826897851,0.9585206136440496,0.1343
0.14550788237258222,0.9585206136440496,0.1342
0.14553173221398077,0.9585206136440496,0.1337
0.14553173221398077,0.9585329111199926,0.133
0.14557943189677788,0.9585329111199926,0.1326
0.14557943189677788,0.9585390598579642,0.1324
0.14560328173817644,0.9585390598579642,0.1323
0.14560328173817644,0.9585513573339072,0.1322
0.14560328173817644,0.9585575060718787,0.1318
0.145627131579575,0.9585698035478218,0.1312
0.14565098142097355,0.9585698035478218,0.1311
0.14565098142097355,0.9585882497617364,0.13
0.1456748312623721,0.9585882497617364,0.1296
0.1456748312623721,0.9586005472376795,0.1289
0.14569868110377066,0.9586005472376795,0.1285
0.14569868110377066,0.958606695975651,0.1284
0.14569868110377066,0.9586189934515941,0.1283
0.14569868110377066,0.9586251421895656,0.1282
0.14569868110377066,0.9586435884034802,0.128
0.1457225309451692,0.9586620346173947,0.1279
0.14577023062796632,0.9586620346173947,0.1273
0.14579408046936487,0.9586620346173947,0.1272
0.14581793031076343,0.9586681833553663,0.1271
0.14584178015216198,0.9586681833553663,0.127
0.14584178015216198,0.9586866295692809,0.1257
0.14586562999356054,0.958698927045224,0.1255
0.1458894798349591,0.9587050757831955,0.1254
0.1458894798349591,0.9587173732591385,0.12463
0.14591332967635764,0.9587173732591385,0.1245
0.14596102935915475,0.9587173732591385,0.124
0.14596102935915475,0.9587235219971101,0.12366
0.1459848792005533,0.9587235219971101,0.1235
0.1459848792005533,0.9587296707350816,0.12335
0.14603257888335042,0.9587296707350816,0.1232
0.14603257888335042,0.9587727119008823,0.1213
0.14605642872474897,0.9587727119008823,0.12115
0.14605642872474897,0.958791158114797,0.12085
0.14608027856614753,0.95880345559074,0.1207
0.14608027856614753,0.9588096043287115,0.1204
0.14610412840754608,0.9588157530666831,0.1201
0.14610412840754608,0.9588280505426261,0.12
0.14610412840754608,0.9588464967565408,0.1193
0.14612797824894463,0.9588587942324838,0.119
0.1461518280903432,0.9588649429704553,0.1186
0.14617567793174174,0.9588649429704553,0.1184
0.14617567793174174,0.9588833891843699,0.11816
0.14617567793174174,0.958895686660313,0.1172
0.14617567793174174,0.958907984136256,0.11694
0.14622337761453885,0.9589141328742276,0.11676
0.14622337761453885,0.9589264303501707,0.1166
0.1462472274559374,0.9589325790881421,0.11633
0.1462472274559374,0.9589387278261137,0.11615
0.1462472274559374,0.9589510253020568,0.11597
0.14629492713873452,0.9589633227779998,0.1152
0.14631877698013307,0.9589817689919145,0.115
0.14634262682153162,0.9589940664678575,0.1144
0.14634262682153162,0.959000215205829,0.11395
0.14634262682153162,0.959012512681772,0.1138
0.14636647666293018,0.9590248101577151,0.1136
0.14636647666293018,0.9590371076336582,0.1134
0.14636647666293018,0.9590432563716297,0.11316
0.14636647666293018,0.9590555538475728,0.113
0.14639032650432873,0.9590678513235158,0.1128
0.14639032650432873,0.959092446275402,0.1126
0.14639032650432873,0.959104743751345,0.1124
0.14648572586992298,0.9591108924893166,0.1122
0.14648572586992298,0.9591231899652596,0.112
0.14650957571132153,0.9591293387032311,0.11163
0.1465334255527201,0.9591293387032311,0.11145
0.1465334255527201,0.9591539336551173,0.111
0.1465811252355172,0.9591539336551173,0.1105
0.1465811252355172,0.9591723798690319,0.1097
0.14660497507691575,0.9591846773449749,0.10895
0.1466288249183143,0.9591846773449749,0.10876
0.1466765246011114,0.9591908260829465,0.1086
0.1466765246011114,0.9592154210348326,0.1084
0.14672422428390852,0.9592338672487472,0.108
0.14677192396670563,0.9592400159867187,0.1078
0.14677192396670563,0.9592461647246903,0.1076
0.14679577380810419,0.9592707596765764,0.1074
0.14681962364950274,0.9592707596765764,0.10724
0.1468434734909013,0.9592769084145479,0.1069
0.1468434734909013,0.9592830571525195,0.1067
0.1468911731736984,0.9592892058904909,0.1065
0.1468911731736984,0.959313800842377,0.10614
0.14691502301509696,0.9593260983183202,0.10596
0.14691502301509696,0.9593383957942633,0.1056
0.14691502301509696,0.9593629907461494,0.1052
0.14691502301509696,0.9593691394841208,0.10504
0.1469388728564955,0.9593691394841208,0.10486
0.1469388728564955,0.9593875856980355,0.1047
0.1469388728564955,0.9593937344360071,0.1045
0.14696272269789407,0.9593937344360071,0.1043
0.14698657253929262,0.9593998831739785,0.1041
0.14698657253929262,0.9594121806499216,0.10394
0.14703427222208973,0.9594183293878932,0.10376
0.14705812206348828,0.9594367756018077,0.1036
0.14708197190488684,0.9594429243397793,0.1034
0.1471058217462854,0.9594429243397793,0.1032
0.1471058217462854,0.9594490730777508,0.103
0.1471058217462854,0.9594798167676084,0.10284
0.1471535214290825,0.9595044117194945,0.1025
0.1471535214290825,0.9595228579334092,0.1023
0.1471535214290825,0.9595290066713807,0.1021
0.1472012211118796,0.9595413041473237,0.10175
0.1472012211118796,0.9595536016232669,0.10156
0.1472012211118796,0.9595597503612383,0.10144
0.14722507095327816,0.959578196575153,0.1011
0.14724892079467672,0.959578196575153,0.1009
0.14727277063607527,0.9595843453131245,0.1007
0.14732047031887238,0.9596089402650106,0.1005
0.14732047031887238,0.9596273864789252,0.10034
0.14732047031887238,0.9596519814308113,0.10016
0.14734432016027094,0.9596642789067544,0.1
0.1473681700016695,0.9596704276447259,0.0997
0.1474158696844666,0.9596765763826974,0.0995
0.1474635693672637,0.9596888738586405,0.0993
0.14753511889145937,0.9597073200725551,0.0991
0.14753511889145937,0.9597196175484982,0.09875
0.14755896873285793,0.9597442125003843,0.0986
0.14755896873285793,0.9597688074522704,0.09845
0.14755896873285793,0.959774956190242,0.09827
0.14758281857425648,0.959787253666185,0.0981
0.14760666841565503,0.959787253666185,0.0979
0.14760666841565503,0.9598118486180711,0.09753
0.1476305182570536,0.9598179973560427,0.0974
0.1476305182570536,0.9598241460940142,0.0972
0.14765436809845214,0.9598241460940142,0.09705
0.1477259176226478,0.9598302948319858,0.09686
0.1477259176226478,0.9598425923079288,0.09656
0.14774976746404636,0.9598487410459003,0.0964
0.14774976746404636,0.9598548897838719,0.096
0.14777361730544492,0.9598671872598149,0.0959
0.14777361730544492,0.9598733359977865,0.0957
0.14779746714684347,0.9598856334737296,0.0955
0.14779746714684347,0.959891782211701,0.09534
0.14782131698824202,0.9599040796876441,0.09515
0.14782131698824202,0.9599102284256157,0.09503
0.14784516682964058,0.9599102284256157,0.09485
0.14784516682964058,0.9599163771635871,0.09467
0.1478928665124377,0.9599225259015587,0.0945
0.14791671635383624,0.9599348233775018,0.09436
0.1479405661952348,0.9599409721154732,0.0942
0.1479405661952348,0.9599471208534448,0.094
0.1479405661952348,0.9599717158053309,0.0937
0.1479405661952348,0.959984013281274,0.0932
0.1479405661952348,0.9600086082331601,0.093
0.1479405661952348,0.9600147569711317,0.09283
0.14796441603663335,0.9600332031850463,0.0927
0.14796441603663335,0.9600455006609894,0.09235
0.14796441603663335,0.9600516493989608,0.0922
0.148035965560829,0.9600577981369324,0.09204
0.148035965560829,0.9600700956128755,0.09174
0.14808366524362612,0.9600823930888185,0.09155
0.14813136492642323,0.9601069880407046,0.0914
0.14822676429201745,0.9601192855166477,0.09125
0.14822676429201745,0.9601377317305623,0.09106
0.14822676429201745,0.9601623266824484,0.0906
0.14822676429201745,0.960180772896363,0.0904
0.148250614133416,0.9601869216343345,0.0903
0.148250614133416,0.9601930703723061,0.0901
0.148250614133416,0.9602053678482492,0.0899
0.148250614133416,0.9602299628001353,0.0893
0.14827446397481456,0.9602361115381068,0.0891
0.14827446397481456,0.9602422602760783,0.089
0.14832216365761167,0.9602484090140498,0.0888
0.14832216365761167,0.9602853014418791,0.0887
0.14832216365761167,0.9603160451317367,0.0885
0.14836986334040878,0.9603283426076797,0.0883
0.14839371318180733,0.9603467888215944,0.0882
0.14841756302320588,0.960377532511452,0.088
0.14848911254740155,0.9603836812494235,0.0879
0.14848911254740155,0.9604144249392812,0.0877
0.14848911254740155,0.9604328711531958,0.0876
0.14848911254740155,0.9604390198911673,0.0874
0.14853681223019866,0.9604451686291389,0.0873
0.14853681223019866,0.960469763581025,0.0871
0.1485606620715972,0.9604882097949395,0.0869
0.14858451191299576,0.9605005072708827,0.0868
0.14858451191299576,0.9605128047468258,0.0866
0.1486322115957929,0.9605312509607403,0.0865
0.1486322115957929,0.9605435484366833,0.0863
0.14867991127859,0.960561994650598,0.0862
0.14870376111998856,0.9605865896024841,0.086
0.14872761096138712,0.9605988870784271,0.0859
0.14872761096138712,0.9606111845543702,0.0857
0.14872761096138712,0.9606357795062563,0.0854
0.14872761096138712,0.9606419282442279,0.08527
0.14875146080278567,0.9606480769821995,0.0851
0.14879916048558278,0.9606603744581425,0.08496
0.14882301032698134,0.960666523196114,0.0848
0.1488468601683799,0.960678820672057,0.08466
0.1488468601683799,0.9606972668859717,0.0845
0.14887071000977845,0.9606972668859717,0.08435
0.148894559851177,0.9607157130998862,0.08417
0.1489422595339741,0.9607218618378578,0.08405
0.1489422595339741,0.9607403080517724,0.08386
0.14896610937537266,0.9607464567897439,0.08374
0.14898995921677122,0.96077105174163,0.0836
0.14898995921677122,0.9607772004796016,0.08344
0.14898995921677122,0.9608017954314877,0.0833
0.14901380905816977,0.9608202416454023,0.0831
0.14901380905816977,0.9608325391213454,0.083
0.14913305826516254,0.9608448365972884,0.0828
0.14918075794795965,0.9608571340732315,0.0827
0.14918075794795965,0.960863282811203,0.0825
0.1492046077893582,0.960863282811203,0.0824
0.14922845763075676,0.9608694315491745,0.0823
0.14922845763075676,0.9609063239770037,0.0821
0.14922845763075676,0.9609247701909183,0.082
0.14922845763075676,0.9609370676668614,0.0818
0.14927615731355387,0.9609370676668614,0.08167
0.14927615731355387,0.9609432164048329,0.08154
0.14930000715495242,0.9609493651428045,0.08136
0.14932385699635098,0.960967811356719,0.08124
0.14934770683774953,0.960980108832662,0.08093
0.14949080588614086,0.9610292987364344,0.0808
0.14953850556893797,0.9610354474744058,0.0806
0.14953850556893797,0.9610538936883205,0.0805
0.14963390493453219,0.9610907861161496,0.0802
0.14963390493453219,0.9610969348541212,0.0801
0.1496816046173293,0.9611153810680357,0.0799
0.14975315414152496,0.9611276785439788,0.0798
0.1497770039829235,0.961139976019922,0.07965
0.1497770039829235,0.9611461247578934,0.07947
0.14982470366572062,0.9611584222338365,0.07935
0.14989625318991628,0.9611768684477511,0.0792
0.1499439528727134,0.9611830171857226,0.07904
0.1500393522383076,0.9612076121376087,0.0789
0.15008705192110472,0.9612199096135519,0.0788
0.15013475160390183,0.9612383558274664,0.0786
0.15018245128669894,0.9612813969932671,0.0785
0.15018245128669894,0.9612875457312386,0.07837
0.15023015096949605,0.9613367356350109,0.07806
0.1503017004936917,0.961361330586897,0.07794
0.15034940017648882,0.9613674793248685,0.0778
0.15037325001788737,0.9613920742767547,0.07764
0.15044479954208304,0.9614105204906693,0.0775
0.15049249922488014,0.9614351154425554,0.0774
0.1505163490662787,0.961441264180527,0.0772
0.1505640487490758,0.9614658591324131,0.0771
0.15061174843187292,0.9614781566083561,0.07697
0.15061174843187292,0.9615027515602422,0.07684
0.15063559827327147,0.9615089002982138,0.07666
0.15068329795606858,0.9615273465121283,0.07654
0.1507309976388657,0.9615519414640145,0.0763
0.15077869732166282,0.9615765364159007,0.076
0.15077869732166282,0.9615826851538721,0.07587
0.15080254716306138,0.9616134288437298,0.07574
0.15082639700445993,0.9616318750576445,0.07556
0.1508502468458585,0.961662618747502,0.07544
0.15087409668725704,0.9616749162234451,0.0753
0.1508979465286556,0.9616810649614167,0.0752
0.1509456462114527,0.9616933624373597,0.075
0.1509456462114527,0.9617118086512744,0.0749
0.1509456462114527,0.9617241061272174,0.07477
0.15096949605285126,0.9617425523411319,0.07465
0.15104104557704692,0.961754849817075,0.0745
0.15111259510124259,0.9617917422449043,0.07434
0.1511602947840397,0.9618040397208473,0.0742
0.15118414462543825,0.961847080886648,0.0741
0.1512556941496339,0.9618839733144772,0.074
0.15127954399103247,0.9619147170043348,0.07385
0.15127954399103247,0.9619331632182495,0.07367
0.15130339383243102,0.9619516094321641,0.07355
0.1514226430394238,0.9619823531220217,0.0734
0.15149419256361946,0.9619885018599932,0.0733
0.15158959192921367,0.9620130968118794,0.0732
0.15166114145340934,0.962043840501737,0.07306
0.151732690977605,0.9620807329295662,0.0729
0.151732690977605,0.9620991791434808,0.07275
0.151732690977605,0.9621299228333384,0.07263
0.15175654081900355,0.9621668152611677,0.0725
0.15180424050180066,0.9621914102130538,0.0724
0.15182809034319922,0.9622037076889969,0.07227
0.15185194018459777,0.962240600116826,0.0721
0.15187579002599633,0.9622651950687121,0.07196
0.15189963986739488,0.9623082362345129,0.07184
0.15211428843998187,0.9623266824484275,0.0717
0.15216198812277898,0.9623389799243706,0.0716
0.15216198812277898,0.9623574261382851,0.0715
0.15223353764697464,0.9623697236142282,0.07135
0.15228123732977175,0.9624004673040858,0.0712
0.15235278685396741,0.9624250622559719,0.07104
0.15244818621956163,0.9624865496356872,0.0708
0.1525197357437573,0.9625111445875734,0.0707
0.1525674354265544,0.9625234420635165,0.07056
0.15263898495075007,0.962541888277431,0.07043
0.15268668463354718,0.9625972269191748,0.0703
0.15271053447494573,0.962634119347004,0.0702
0.15271053447494573,0.9626587142988902,0.07007
0.15275823415774284,0.9626894579887478,0.06995
0.15285363352333706,0.9627017554646908,0.0698
0.15292518304753272,0.962726350416577,0.06964
0.15297288273032986,0.9627509453684632,0.0695
0.15309213193732263,0.9627939865342638,0.0694
0.1531636814615183,0.9628431764380361,0.0693
0.15340217987550384,0.9629046638177514,0.06903
0.15349757924109805,0.9629292587696375,0.0689
0.15354527892389516,0.9629538537215236,0.0688
0.15359297860669227,0.9629661511974668,0.06866
0.15364067828948938,0.9629968948873244,0.06854
0.1536883779722865,0.9630337873151535,0.0684
0.15375992749648215,0.9630645310050112,0.0683
0.15380762717927926,0.9630706797429828,0.0682
0.15392687638627203,0.9630891259568973,0.06805
0.15397457606906914,0.9631137209087834,0.06793
0.1540938252760619,0.9631629108125557,0.0678
0.15414152495885902,0.9631752082884988,0.0677
0.15416537480025758,0.9632059519783565,0.06757
0.15416537480025758,0.9632551418821287,0.06744
0.15416537480025758,0.9632797368340148,0.0673
0.1542607741658518,0.9633227779998156,0.0672
0.154356173531446,0.9633781166415594,0.0671
0.15447542273843878,0.96342115780736,0.06696
0.15449927257983734,0.9634457527592462,0.06683
0.15466622146962722,0.9634826451870754,0.0667
0.15471392115242433,0.9635010914009899,0.0666
0.15476162083522144,0.9635318350908476,0.06647
0.15480932051801854,0.9635687275186768,0.06635
0.15480932051801854,0.9635994712085344,0.0662
0.1548808700422142,0.9636240661604206,0.0661
0.15492856972501132,0.9636425123743352,0.066
0.15497626940780843,0.9636671073262213,0.06586
0.15502396909060553,0.9637224459679651,0.06573
0.155214767821794,0.9637777846097089,0.0656
0.1552624675045911,0.9638269745134811,0.0655
0.15533401702878677,0.9638577182033388,0.06537
0.15545326623577954,0.9638884618931964,0.06525
0.15550096591857665,0.9639438005349402,0.0651
0.15554866560137376,0.9640052879146556,0.065
0.1555725154427723,0.9640175853905986,0.0649
0.15559636528417087,0.9640544778184278,0.06476
0.15559636528417087,0.9640790727703139,0.06464
0.15571561449116364,0.9641098164601716,0.0645
0.1557871640153593,0.9641467088880007,0.0644
0.15590641322235207,0.9642266424816306,0.0643
0.15595411290514918,0.9642819811233744,0.0642
0.15614491163633762,0.9643434685030897,0.0641
0.15621646116053328,0.9643742121929474,0.06396
0.1562641608433304,0.9644234020967196,0.06384
0.15638341005032316,0.9644602945245488,0.0637
0.15647880941591738,0.9645033356903495,0.0636
0.15659805862291015,0.9645586743320933,0.0635
0.15666960814710582,0.9646140129738371,0.06335
0.15681270719549714,0.9646509054016663,0.06323
0.1568842567196928,0.964693946567467,0.0631
0.15690810656109136,0.9647615826851539,0.06305
0.15695580624388847,0.9648046238509546,0.0629
0.15707505545088124,0.964890706182556,0.0628
0.15717045481647546,0.9649890859901006,0.0627
0.15724200434067112,0.9650567221077874,0.06256
0.15738510338906248,0.9651489531773604,0.06244
0.1574805027546567,0.9652104405570756,0.06232
0.15767130148584513,0.9653149691025917,0.06223
0.157838250375635,0.9653518615304209,0.0621
0.15793364974122923,0.9654256463860793,0.06198
0.15807674878962055,0.9655670673594244,0.0619
0.15829139736220754,0.9656162572631968,0.06177
0.15843449641059887,0.9657023395947981,0.06165
0.1586252951417873,0.9657576782365419,0.06152
0.15876839419017863,0.9658437605681434,0.06143
0.15886379355577285,0.9659605865896025,0.0613
0.15903074244556273,0.9660343714452608,0.0612
0.15926924085954827,0.9660774126110616,0.0611
0.1594838894321353,0.9661757924186061,0.06097
0.15977008752891794,0.9662249823223783,0.06085
0.15988933673591071,0.9663172133919513,0.06076
0.1600085859429035,0.9664032957235528,0.06064
0.16027093419828758,0.9664586343652966,0.06052
0.1603663335638818,0.9665324192209549,0.06042
0.16048558277087457,0.9666369477664709,0.0603
0.160676381502063,0.9666984351461863,0.0602
0.16096257959884566,0.96675377378793,0.0601
0.16105797896443988,0.9668091124296738,0.05997
0.16127262753702687,0.9669013434992468,0.05988
0.1614157265854182,0.9670058720447628,0.05975
0.16158267547520808,0.9670735081624496,0.05966
0.16194042309618642,0.9671411442801365,0.05954
0.16260821865534594,0.9673133089433393,0.05933
0.16303751580051992,0.9674301349647985,0.0592
0.16329986405590402,0.9674977710824854,0.0591
0.16358606215268667,0.9675838534140868,0.059
0.16391995993226646,0.9676576382697452,0.0589
0.16423000787044767,0.9677621668152612,0.05878
0.16465930501562165,0.9678359516709195,0.05865
0.16501705263659996,0.9679527776923786,0.05856
0.16544634978177394,0.9680696037138378,0.05844
0.16589949676834648,0.9681741322593538,0.05835
0.16651959264470892,0.9682602145909552,0.05823
0.1669488897898829,0.9683954868263289,0.05814
0.16749743614204965,0.9685123128477879,0.058
0.16818908154260775,0.9686352876072186,0.05792
0.16883302726036872,0.9687336674147631,0.0578
0.16969162155071668,0.9688320472223076,0.0577
0.17028786758568057,0.9689673194576813,0.0576
0.1714803596556083,0.9690656992652258,0.0575
0.17262515204273893,0.9692132689765426,0.05737
0.17386534379546376,0.9693608386878593,0.05728
0.17529633427937705,0.969496110923233,0.0572
0.1768465739702831,0.9696067882067205,0.05707
0.17849221302678336,0.9696990192762935,0.05698
0.1807340981182475,0.9698158452977527,0.05685
0.1830475327339073,0.969981861222984,0.05676
0.1854802165565599,0.970098687244443,0.05664
0.1881752486345966,0.9702647031696744,0.05655
0.19122802833361158,0.9703999754050481,0.05646
0.1955925493095471,0.9705536938543364,0.05634
0.19955162298170717,0.9707443047314539,0.05624
0.20386844427484557,0.9709164693946567,0.05612
0.20923465858952037,0.9710455928920589,0.05603
0.21536406782894893,0.9712423525071479,0.05594
0.2220658732619428,0.9714206659083223,0.05582
0.22950702377829188,0.9716543179512405,0.05573
0.23866536287533688,0.9718018876625573,0.0556
0.24763290324119344,0.9719863498017032,0.0555
0.2575305874215936,0.97213391951302,0.05542
0.2695270576450667,0.972435207673625,0.0553
0.2815235278685397,0.972644264764657,0.0552
0.29402084476138235,0.972828726903803,0.0551
0.30649431181282644,0.9731484612783227,0.055
0.32044646903098095,0.9734804931287853,0.0549
0.3339216294211643,0.9737387401235896,0.0548
0.3488754799780581,0.9740830694499953,0.0547
0.3655226692742493,0.9744519937282873,0.0546
0.3831715519091798,0.9747286869370062,0.0545
0.40141668057907415,0.9750238263596397,0.0544
0.4184931670204393,0.975362006948074,0.0543
0.43778768871187007,0.9757247824883942,0.0542
0.45767845643826466,0.9761674916223445,0.0541
0.476782179398507,0.9765917545423802,0.054
0.4958859023587493,0.9769606788206721,0.0539
0.513844832931861,0.9774156854305653,0.0538
0.532376159698538,0.9778399483506011,0.0537
0.5518376302797586,0.9783318473883236,0.0536
0.5709652030813995,0.9788237464260461,0.0535
0.5908321209663956,0.9794078765333415,0.0534
0.6099596937680365,0.9799489654748363,0.0533
0.6282525221207279,0.9805884342238755,0.0532
0.6474039447637673,0.9813508777323454,0.0531
0.6678671086837272,0.9821133212408153,0.053
0.6881871735552959,0.9829618470808866,0.05292
0.7088172863650457,0.9838903065145879,0.05283
0.7306637410861218,0.9849478894456912,0.0527
0.7552767774094302,0.9861837857779691,0.0526
0.7784588232488254,0.987339748516617,0.05252
0.8049321472012211,0.9888338918436991,0.05243
0.8319063178229865,0.9905247947858702,0.05234
0.8601445300388753,0.9921603590862975,0.05225
0.8893128860693076,0.9938512620284686,0.05212
0.9169071525674354,0.9954991238048391,0.05203
0.9422356841327005,0.9970240108217788,0.05194
0.9634858928188128,0.9982230147262274,0.05185
0.9797037849698299,0.9990592430903557,0.05176
0.9898638174056142,0.9996187782457651,0.05167
0.996732571728398,0.9998585790266548,0.05154
0.9993560542822391,0.9999815537860854,0.05145
1.0,1.0,0.05136
